 {[
	"name": "Amoo hosnny",
	"place_id": ABS31, 
	"rating": "2.3",
        "user_ratings_total":1999,
        "geometry":{
            "location":{
                   lat:32.0733324,
                   lng:30.2224851
             }
       }

],
[
	name: "Bistro",
	place_id: X32EW, 
	rating: "3.2",
        user_ratings_total:2999,
        geometry:{
            location:{
                   lat:33.0733324,
                   lng:31.2224851
             }
       }

],
[
	name: "MAC",
	place_id: ASKJKA, 
	rating: "3.2",
        user_ratings_total:2999,
        geometry:{
            location:{
                   lat:32.0733324,
                   lng:29.2224851
             }
       }

],
};
