 [{
         "name": "Amoo hosnny",
         "place_id": "ABS31",
         "rating": "2.3",
         "user_ratings_total": 1999,
         "geometry": {
             "location": {
                 "lat": 30.0554688,
                 "lng": 31.3463554
             }
         },
         "result": {
             "reviews": [{
                     "author_name": "yehia tarek",
                     "rating": 5,
                     "text": "nice restaurant"
                 },
                 {
                     "author_name": "Omar",
                     "rating": 3,
                     "text": "nice placee but not so much"
                 },
                 {
                     "author_name": "Mohamed",
                     "rating": 4,
                     "text": "I like it"
                 }
             ]
         }
     },
     {
         "name": "Bistro",
         "place_id": "AB231",
         "rating": "3.2",
         "user_ratings_total": 2999,
         "geometry": {
             "location": {
                 "lat": 30.0524688,
                 "lng": 31.3563554
             }
         },
         "result": {
             "reviews": [{
                     "author_name": "yehia ",
                     "rating": 5,
                     "text": "I gave you 5"
                 },
                 {
                     "author_name": "Barbra",
                     "rating": 3,
                     "text": "I gave you 3"
                 },
                 {
                     "author_name": "Mosatfa",
                     "rating": 4,
                     "text": "I gae you 4"
                 }
             ]

         }
     },
     {
         "name": "MAC",
         "place_id": "YBS31",
         "rating": 3.2,
         "user_ratings_total": 2999,
         "geometry": {
             "location": {
                 "lat": 30.0534688,
                 "lng": 31.3573554
             }
         },
         "result": {
             "reviews": [{
                     "author_name": "tarek",
                     "rating": 3.2,
                     "text": "nice restaurant"
                 },
                 {
                     "author_name": "Omar tarek",
                     "rating": 3,
                     "text": "nice placee but not so much,I gave you 3"
                 },
                 {
                     "author_name": "Mohamed Ahmed",
                     "rating": 4,
                     "text": "I like itmI gave you 4"
                 }
             ]
         }
     }
 ]